"taxa","species"
"fish","Abramis brama"
"fish","Alburnus alburnus"
"fish","Anguilla anguilla"
"fish","Blicca bjoerkna"
"fish","Carassius carassius"
"fish","Coregonus albula"
"fish","Coregonus lavaretus"
"fish","Cottus gobio"
"fish","Cottus poecilopus"
"fish","Esox lucius"
"fish","Gasterosteus aculeatus"
"fish","Gymnocephalus cernuus"
"fish","Lampetra fluviatilis"
"fish","Lampetra planeri"
"fish","Leuciscus aspius"
"fish","Lethenteron camtschaticum"
"fish","Leuciscus cephalus"
"fish","Leuciscus idus"
"fish","Leuciscus leuciscus"
"fish","Lota lota"
"fish","Myoxocephalus quadricornis"
"fish","Osmerus eperlanus"
"fish","Perca fluviatilis"
"fish","Petromyzon marinus"
"fish","Phoxinus phoxinus"
"fish","Pungitius pungitius"
"fish","Rutilus rutilus"
"fish","Salmo salar"
"fish","Salmo trutta"
"fish","Salvelinus alpinus"
"fish","Sander lucioperca"
"fish","Scardinius erythrophthalmus"
"fish","Thymallus thymallus"
"aquaticPlants","Baldellia repens"
"aquaticPlants","Calamistrum globuliferum"
"aquaticPlants","Crassula aquatica"
"aquaticPlants","Crassula helmsii"
"aquaticPlants","Elatine hexandra"
"aquaticPlants","Elatine hydropiper"
"aquaticPlants","Elatine orthosperma"
"aquaticPlants","Elatine triandra"
"aquaticPlants","Eleocharis acicularis"
"aquaticPlants","Eleocharis parvula"
"aquaticPlants","Isoetes echinospora"
"aquaticPlants","Isoetes lacustris"
"aquaticPlants","Limosella aquatica"
"aquaticPlants","Littorella uniflora"
"aquaticPlants","Lobelia dortmanna"
"aquaticPlants","Lythrum portula"
"aquaticPlants","Persicaria foliosa"
"aquaticPlants","Ranunculus reptans"
"aquaticPlants","Subularia aquatica"
"aquaticPlants","Callitriche brutia"
"aquaticPlants","Callitriche cophocarpa"
"aquaticPlants","Callitriche hamulata"
"aquaticPlants","Callitriche hermaphroditica"
"aquaticPlants","Callitriche palustris"
"aquaticPlants","Callitriche platycarpa"
"aquaticPlants","Callitriche stagnalis"
"aquaticPlants","Ceratophyllum demersum"
"aquaticPlants","Elatine alsinastrum"
"aquaticPlants","Elodea canadensis"
"aquaticPlants","Elodea nuttallii"
"aquaticPlants","Groenlandia densa"
"aquaticPlants","Hippuris lanceolata"
"aquaticPlants","Hippuris tetraphylla"
"aquaticPlants","Hippuris vulgaris"
"aquaticPlants","Juncus bulbosus"
"aquaticPlants","Myriophyllum alterniflorum"
"aquaticPlants","Myriophyllum sibiricum"
"aquaticPlants","Myriophyllum spicatum"
"aquaticPlants","Myriophyllum verticillatum"
"aquaticPlants","Najas flexilis"
"aquaticPlants","Najas marina"
"aquaticPlants","Potamogeton alpinus"
"aquaticPlants","Potamogeton berchtoldii"
"aquaticPlants","Potamogeton compressus"
"aquaticPlants","Potamogeton crispus"
"aquaticPlants","Potamogeton friesii"
"aquaticPlants","Potamogeton gramineus"
"aquaticPlants","Potamogeton lucens"
"aquaticPlants","Potamogeton obtusifolius"
"aquaticPlants","Potamogeton perfoliatus"
"aquaticPlants","Potamogeton praelongus"
"aquaticPlants","Potamogeton pusillus"
"aquaticPlants","Potamogeton rutilus"
"aquaticPlants","Potamogeton trichoides"
"aquaticPlants","Potamogeton cognatus"
"aquaticPlants","Potamogeton semifructus"
"aquaticPlants","Ranunculus aquatilis"
"aquaticPlants","Ranunculus circinatus"
"aquaticPlants","Ranunculus confervoides"
"aquaticPlants","Ranunculus peltatus"
"aquaticPlants","Ranunculus trichophyllus"
"aquaticPlants","Ruppia cirrhosa"
"aquaticPlants","Ruppia maritima"
"aquaticPlants","Stuckenia filiformis"
"aquaticPlants","Stuckenia pectinata"
"aquaticPlants","Stuckenia vaginata"
"aquaticPlants","Utricularia australis"
"aquaticPlants","Utricularia intermedia"
"aquaticPlants","Utricularia minor"
"aquaticPlants","Utricularia ochroleuca"
"aquaticPlants","Utricularia stygia"
"aquaticPlants","Utricularia vulgaris"
"aquaticPlants","Zannichellia major"
"aquaticPlants","Zannichellia palustris"
"aquaticPlants","Zannichellia palustris pedicellata"
"aquaticPlants","Zostera angustifolia"
"aquaticPlants","Zostera marina"
"aquaticPlants","Zostera noltii"
"aquaticPlants","Eleogiton fluitans"
"aquaticPlants","Luronium natans"
"aquaticPlants","Nuphar lutea"
"aquaticPlants","Nuphar pumila"
"aquaticPlants","Nymphaea alba"
"aquaticPlants","Nymphoides peltata"
"aquaticPlants","Persicaria amphibia"
"aquaticPlants","Potamogeton natans"
"aquaticPlants","Potamogeton polygonifolius"
"aquaticPlants","Sagittaria sagittifolia"
"aquaticPlants","Sagittaria lunata"
"aquaticPlants","Sparganium angustifolium"
"aquaticPlants","Sparganium emersum"
"aquaticPlants","Sparganium glomeratum"
"aquaticPlants","Sparganium gramineum"
"aquaticPlants","Sparganium hyperboreum"
"aquaticPlants","Sparganium natans"
"aquaticPlants","Azolla filiculoides"
"aquaticPlants","Hydrocharis morsus-ranae"
"aquaticPlants","Lemna gibba"
"aquaticPlants","Lemna japonica"
"aquaticPlants","Lemna minor"
"aquaticPlants","Lemna minuta"
"aquaticPlants","Lemna trisulca"
"aquaticPlants","Lemna turionifera"
"aquaticPlants","Pistia stratiotes"
"aquaticPlants","Ricciocarpos natans"
"aquaticPlants","Spirodela polyrhiza"
"aquaticPlants","Stratiotes aloides"
"aquaticPlants","Chara aculeolata"
"aquaticPlants","Chara aspera"
"aquaticPlants","Chara baltica"
"aquaticPlants","Chara braunii"
"aquaticPlants","Chara canescens"
"aquaticPlants","Chara contraria"
"aquaticPlants","Chara curta"
"aquaticPlants","Chara globularis"
"aquaticPlants","Chara hispida"
"aquaticPlants","Chara papillosa"
"aquaticPlants","Chara strigosa"
"aquaticPlants","Chara subspinosa"
"aquaticPlants","Chara tomentosa"
"aquaticPlants","Chara virgata"
"aquaticPlants","Chara vulgaris"
"aquaticPlants","Lamprothamnium papulosum"
"aquaticPlants","Nitella confervacea"
"aquaticPlants","Nitella flexilis"
"aquaticPlants","Nitella gracilis"
"aquaticPlants","Nitella mucronata"
"aquaticPlants","Nitella opaca"
"aquaticPlants","Nitella translucens"
"aquaticPlants","Nitella wahlbergiana"
"aquaticPlants","Tolypella canadensis"
"aquaticPlants","Tolypella nidifica"
"aquaticPlants","Tolypella normaniana"
"insects","Hydrachnidae"
"insects","Hydrodromidae"
"insects","Hydrophantidae"
"insects","Argyroneta aquatica"
"insects","Dytiscidae"
"insects","Gyrinidae"
"insects","Haliplidae"
"insects","Noteridae"
"insects","Helophorus nubilus"
"insects","Helophorus tuberculatus"
"insects","Helophorus sibiricus"
"insects","Helophorus aquaticus"
"insects","Helophorus aequalis"
"insects","Helophorus grandis"
"insects","Helophorus strandi"
"insects","Helophorus brevipalpis"
"insects","Helophorus arvernicus"
"insects","Helophorus glacialis"
"insects","Helophorus granularis"
"insects","Helophorus discrepans"
"insects","Helophorus minutus"
"insects","Helophorus lapponicus"
"insects","Helophorus fulgidicollis"
"insects","Helophorus griseus"
"insects","Helophorus nanus"
"insects","Helophorus redtenbacheri"
"insects","Helophorus pumilio"
"insects","Helophorus pallidus"
"insects","Helophorus laticollis"
"insects","Helophorus strigifrons"
"insects","Helophorus asperatus"
"insects","Helophorus flavipes"
"insects","Helophorus obscurus"
"insects","Hydrochus elongatus"
"insects","Hydrochus ignicollis"
"insects","Hydrochus carinatus"
"insects","Hydrochus brevis"
"insects","Hydrochus megaphallus"
"insects","Spercheus emarginatus"
"insects","Berosus spinosus"
"insects","Berosus fulvus"
"insects","Berosus jaechi"
"insects","Berosus frontifoveatus"
"insects","Berosus signaticollis"
"insects","Berosus luridus"
"insects","Chaetarthria seminulum"
"insects","Paracymus aeneus"
"insects","Anacaena globulus"
"insects","Anacaena lutescens"
"insects","Anacaena limbata"
"insects","Laccobius decorus"
"insects","Laccobius minutus"
"insects","Laccobius biguttatus"
"insects","Laccobius sinuatus"
"insects","Laccobius striatulus"
"insects","Laccobius bipunctatus"
"insects","Helochares punctatus"
"insects","Helochares obscurus"
"insects","Enochrus melanocephalus"
"insects","Enochrus ochropterus"
"insects","Enochrus fuscipennis"
"insects","Enochrus quadripunctatus"
"insects","Enochrus halophilus"
"insects","Enochrus bicolor"
"insects","Enochrus testaceus"
"insects","Enochrus affinis"
"insects","Enochrus coarctatus"
"insects","Cymbiodyta marginella"
"insects","Hydrobius fuscipes"
"insects","Hydrobius arcticus"
"insects","Limnoxenus niger"
"insects","Hydrochara caraboides"
"insects","Hydrophilus piceus"
"insects","Hydrophilus aterrimus"
"insects","Coleostoma orbiculare"
"insects","Cercyon ustulatus"
"insects","Cercyon laminatus"
"insects","Cercyon littoralis"
"insects","Cercyon depressus"
"insects","Cercyon obsoletus"
"insects","Cercyon impressus"
"insects","Cercyon haemorrhoidalis"
"insects","Cercyon melanocephalus"
"insects","Cercyon emarginatus"
"insects","Cercyon borealis"
"insects","Cercyon lateralis"
"insects","Cercyon bifenestratus"
"insects","Cercyon marinus"
"insects","Cercyon unipunctatus"
"insects","Cercyon quisquilius"
"insects","Cercyon terminatus"
"insects","Cercyon pygmaeus"
"insects","Cercyon atricapillus"
"insects","Cercyon  granarius"
"insects","Cercyon tristis"
"insects","Cercyon convexiusculus"
"insects","Cercyon sternalis"
"insects","Cercyon analis"
"insects","Megasternum obscurum"
"insects","Cryptopleurum subtile"
"insects","Cryptopleurum minutum"
"insects","Cryptopleurum crenatum"
"insects","Sphaeridium marginatum"
"insects","Sphaeridium bipustulatum"
"insects","Sphaeridium substriatum"
"insects","Sphaeridium scarabaeoides"
"insects","Sphaeridium lunatum"
"insects","Ochthebius auriculatus"
"insects","Ochthebius dilatatus"
"insects","Ochthebius bicolon"
"insects","Ochthebius czwalinae"
"insects","Ochthebius kaninensis"
"insects","Ochthebius rugolosus"
"insects","Ochthebius nilsoni"
"insects","Ochthebius marinus"
"insects","Ochthebius lenensis"
"insects","Ochthebius virdis"
"insects","Ochthebius evanenscens"
"insects","Hydraena testacea"
"insects","Hydraena palustris"
"insects","Hydraena britteni"
"insects","Hydraena riparia"
"insects","Hydraena nigrita"
"insects","Hydraena pulchella"
"insects","Hydraena gracilis"
"insects","Hydraena excisa"
"insects","Limnebius truncatellus"
"insects","Limnebius papposus"
"insects","Limnebius crinifer"
"insects","Limnebius parvulus"
"insects","Limnebius nitidus"
"insects","Limnebius aluta"
"insects","Georissus crenulatus"
"insects","Elodes minuta"
"insects","Elodes pseudominuta"
"insects","Elodes tricuspis"
"insects","Elodes marginata"
"insects","Microcara testacea"
"insects","Cyphon coarctatus"
"insects","Cyphon palustris"
"insects","Cyphon kongsbergensis"
"insects","Cyphon ochraceus"
"insects","Cyphon variabilis"
"insects","Cyphon phragmiteticola"
"insects","Cyphon pubescens"
"insects","Cyphon punctipennis"
"insects","Cyphon padi"
"insects","Cyphon hilaris"
"insects","Prionocyphon serricornis"
"insects","Scirtes hemisphaericus"
"insects","Scirtes orbicularis"
"insects","Eubria palustris"
"insects","Dryops auriculatus"
"insects","Dryops anglicanus"
"insects","Dryops griseus"
"insects","Dryops similaris"
"insects","Dryops ernesti"
"insects","Dryops luridus"
"insects","Dryops nitidulus"
"insects","Elmidae"
"insects","Plateumaris braccata"
"insects","Plateumaris consimilis"
"insects","Plateumaris rustica"
"insects","Plateumaris sericea"
"insects","Plateumaris discolor"
"insects","Plateumaris weisei"
"insects","Donacia clavipes"
"insects","Donacia cinerea"
"insects","Donacia tomentosa"
"insects","Donacia antiqua"
"insects","Donacia aquatica"
"insects","Donacia aureocincta"
"insects","Donacia bicolor"
"insects","Donacia brevicornis"
"insects","Donacia brevitarsis"
"insects","Donacia dentata"
"insects","Donacia fennica"
"insects","Donacia impressa"
"insects","Donacia marginata"
"insects","Donacia obscura"
"insects","Donacia semicuprea"
"insects","Donacia simplex"
"insects","Donacia sparganii"
"insects","Donacia springeri"
"insects","Donacia thalassina"
"insects","Donacia versicolorea"
"insects","Donacia vulgaris"
"insects","Donacia crassipes"
"insects","Macroplea appendiculata"
"insects","Macroplea mutica"
"insects","Macroplea pubipennis"
"insects","Dicranthus elegans"
"insects","Hydronomus alismatis"
"insects","Ephimeropus petro"
"insects","Bagous angustus"
"insects","Bagous frivaldszkyi"
"insects","Bagous binodulus"
"insects","Bagous nodulosus"
"insects","Bagous argillaceus"
"insects","Bagous limosus"
"insects","Bagous subcarinatus"
"insects","Bagous longitarsis"
"insects","Bagous collignensis"
"insects","Bagous claudicans"
"insects","Bagous frit"
"insects","Bagous brevis"
"insects","Bagous tempestivus"
"insects","Bagous czwalinae"
"insects","Bagous lutosus"
"insects","Bagous puncticollis"
"insects","Bagous robustus"
"insects","Bagous lutulentus"
"insects","Bagous glabrirostris"
"insects","Eubrychius velutus"
"insects","Phytobius leucogaster"
"insects","Prionocera turcica"
"insects","Tipula salicetorum"
"insects","Tipula rufina"
"insects","Tipula lateralis"
"insects","Tipula montium"
"insects","Tipula pruinosa"
"insects","Phalacrocera replicata"
"insects","Triogma trisulcata"
"insects","Dicranota bimaculata"
"insects","Dicranota crassicauda"
"insects","Dicranota guerini"
"insects","Dicranota gracilipes"
"insects","Dicranota pavida"
"insects","Dicranota robusta"
"insects","Dicranota subtilis"
"insects","Dicranota exclusa"
"insects","Nasiternella varinervis"
"insects","Pedicia littoralis"
"insects","Pedicia straminea"
"insects","Pedicia arctica"
"insects","Pedicia rivosa rivosa"
"insects","Tricyphona immaculata"
"insects","Tricyphona livida"
"insects","Tricyphona schummeli"
"insects","Tricyphona unicolor"
"insects","Ula bolitophila"
"insects","Ula mixta"
"insects","Ula mollissima"
"insects","Ula sylvatica"
"insects","Adelphomyia punctum"
"insects","Austrolinnophila harpeli"
"insects","Austrolinnophila unica"
"insects","Austrolinnophila ochracea"
"insects","Eloeophila maculata"
"insects","Eloeophila muadata"
"insects","Eloeophila submarmorata"
"insects","Eloeophila trimaculata"
"insects","Eloeophila verralli"
"insects","Ephiphragma ocellare ocellare"
"insects","Eubrychius velutus"
"insects","Euphylidorea aperta"
"insects","Euphylidorea dispar"
"insects","Euphylidorea lineola"
"insects","Euphylidorea meigenii"
"insects","Euphylidorea phaeostigma"
"insects","Eutonia barbipes"
"insects","Hexatoma fuscipennis"
"insects","Hexatoma nubeculosa nubeculosa"
"insects","Hexatoma vittata"
"insects","Idioptera linnei"
"insects","Idioptera macropteryx"
"insects","Idioptera pulchella"
"insects","Limnophila pictipennis"
"insects","Limnophila schranki"
"insects","Neolimnomyia nemoralis"
"insects","Neolimnomyia batava"
"insects","Neolimnomyia filata"
"insects","Paradelphomyia fuscula"
"insects","Paradelphomyia nielseni"
"insects","Paradelphomyia nigrina"
"insects","Paradelphomyia senilis"
"insects","Phylidorea nigronotata nigronotata"
"insects","Phylidorea fulvonervosa"
"insects","Phylidorea abdominalis"
"insects","Phylidorea bicolor"
"insects","Phylidorea ferruginea"
"insects","Phylidorea heterogyna"
"insects","Phylidorea longicornis longicornis"
"insects","Phylidorea nervosa"
"insects","Phylidorea squalens squalens"
"insects","Phylidorea umbrarum"
"insects","Pilaria decolor"
"insects","Pilaria discicollis discicollis"
"insects","Pilaria fuscipennis"
"insects","Pilaria meridiana"
"insects","Pilaria nigropunctata"
"insects","Pilaria scutellata"
"insects","Prionolabis hospes"
"insects","Pseudolimnophila lucorum"
"insects","Pseudolimnophila sepium"
"insects","Arctoconopa forcipata forcipata"
"insects","Arctoconopa melampodia"
"insects","Arctoconopa obscuripes"
"insects","Arctoconopa quadrivittata"
"insects","Arctoconopa zonata"
"insects","Cheilotrichia imbuta"
"insects","Cheilotrichia areolata"
"insects","Cheilotrichia cinerascens"
"insects","Cheilotrichia neglecta"
"insects","Chionea araneoides"
"insects","Chionea crassipes"
"insects","Chionea belgica"
"insects","Chionea lutescens lutescens"
"insects","Crypteria limnophiloides"
"insects","Ellipteroides lateralis"
"insects","Erioconopa diuturna"
"insects","Erioconopa symplectoides"
"insects","Erioconopa trivialis"
"insects","Erioptera beckeri"
"insects","Erioptera divisa"
"insects","Erioptera flavata"
"insects","Erioptera fuscipennis"
"insects","Erioptera fusculenta"
"insects","Erioptera griseipennis"
"insects","Erioptera lutea lutea"
"insects","Erioptera nielseni"
"insects","Erioptera nyblaei"
"insects","Erioptera pederi"
"insects","Erioptera sordida"
"insects","Erioptera squalida"
"insects","Erioptera tordi"
"insects","Erioptera bivittata"
"insects","Gnophomyia lugubris"
"insects","Gnophomyia virdipennis"
"insects","Gonempeda flava"
"insects","Gonomyia abscondita"
"insects","Gonomyia bifida"
"insects","Gonomyia conoviensis"
"insects","Gonomyia dentata"
"insects","Gonomyia ingrica"
"insects","Gonomyia lappona"
"insects","Gonomyia lucidula"
"insects","Gonomyia recta"
"insects","Gonomyia simplex"
"insects","Gonomyia stackelbergi"
"insects","Gonomyia tenella"
"insects","Gonomyia abbreviata"
"insects","Gonomyia edwardsi"
"insects","Hoplolabis areolata"
"insects","Hoplolabis subalpina"
"insects","Hoplolabis vicina"
"insects","Hoplolabis yezoana"
"insects","Idiocera pulchripennis"
"insects","Ilisia maculata"
"insects","Ilisia occoecata"
"insects","Molophilus appendiculatus"
"insects","Molophilus ater"
"insects","Molophilus bifidus"
"insects","Molophilus bihamatus"
"insects","Molophilus cinereifrons"
"insects","Molophilus corniger"
"insects","Molophilus crassipygus"
"insects","Molophilus curvatus"
"insects","Molophilus flavus"
"insects","Molophilus griseus"
"insects","Molophilus maurus"
"insects","Molophilus medius"
"insects","Molophilus obscurus"
"insects","Molophilus occultus"
"insects","Molophilus ochraceus"
"insects","Molophilus pleuralis"
"insects","Molophilus propinquus propinquus"
"insects","Molophilus serpentiger"
"insects","Neolimnophila carteri"
"insects","Neolimnophila placida"
"insects","Ormosia sootryeni"
"insects","Ormosia aciculata"
"insects","Ormosia brevinervis"
"insects","Ormosia clavata"
"insects","Ormosia depilata"
"insects","Ormosia fascipennis"
"insects","Ormosia hederae"
"insects","Ormosia lineata"
"insects","Ormosia nodulosa"
"insects","Ormosia pseudosimilis"
"insects","Ormosia ruficauda"
"insects","Ormosia staegeriana"
"insects","Phyllolabis macroura"
"insects","Rhabdomastix cunctans"
"insects","Rhabdomastix laeta"
"insects","Rhabdomastix lapponica"
"insects","Rhabdomastix parva"
"insects","Rhypholophus bifurcatus"
"insects","Rhypholophus haemorrhoidalis"
"insects","Rhypholophus varius"
"insects","Scleroprocta pentagonalis"
"insects","Scleroprocta sororcula"
"insects","Symplecta lindrothi"
"insects","Symplecta meigeni"
"insects","Symplecta stictica"
"insects","Symplecta hybrida"
"insects","Symplecta intermedia"
"insects","Symplecta novaezemblae scotica"
"insects","Symplecta pilipes"
"insects","Tasiocera fuscescens"
"insects","Tasiocera murina"
"insects","Achyrolimonia decemmaculata"
"insects","Antocha vitripennis"
"insects","Atypophthalmus inustus"
"insects","Dicroanomyia aperta"
"insects","Dicroanomyia autumnalis"
"insects","Dicroanomyia chorea"
"insects","Dicroanomyia consimilis"
"insects","Dicroanomyia didyma"
"insects","Dicroanomyia distendens distendens"
"insects","Dicroanomyia frontalis"
"insects","Dicroanomyia halterata"
"insects","Dicroanomyia handlirschi handlirschi"
"insects","Dicroanomyia hyalinata"
"insects","Dicroanomyia incisurata"
"insects","Dicroanomyia longipennis"
"insects","Dicroanomyia mitis"
"insects","Dicroanomyia modesta"
"insects","Dicroanomyia moniliformis"
"insects","Dicroanomyia omissinervis"
"insects","Dicroanomyia ornata"
"insects","Dicroanomyia patens"
"insects","Dicroanomyia sera"
"insects","Dicroanomyia terraenovae"
"insects","Dicroanomyia ventralis"
"insects","Dicroanomyia zernyi"
"insects","Dicroanomyia schineri"
"insects","Dicroanomyia tristis"
"insects","Dicroanomyia danica"
"insects","Dicroanomyia esbeni"
"insects","Dicroanomyia halterella"
"insects","Dicroanomyia intricata"
"insects","Dicroanomyia klefbecki"
"insects","Dicroanomyia lulensis"
"insects","Dicroanomyia magnicauda"
"insects","Dicroanomyia melleicauda complicata"
"insects","Dicroanomyia melleicauda stenoptera"
"insects","Dicroanomyia murina"
"insects","Dicroanomyia nigristigma"
"insects","Dicroanomyia ponojensis"
"insects","Dicroanomyia stigmatica"
"insects","Dicroanomyia caledonica"
"insects","Dicroanomyia morio"
"insects","Dicroanomyia occidua"
"insects","Dicroanomyia rufiventris"
"insects","Dicroanomyia stylifera"
"insects","Dicroanomyia fusca"
"insects","Dicranoptycha cinerascens"
"insects","Dicranoptycha fuscescens"
"insects","Discobola annulata"
"insects","Discobola caesarea"
"insects","Discobola parvispinula"
"insects","Elephantomyia edwardsi"
"insects","Helius flavus"
"insects","Helius longirostris  longirostris"
"insects","Helius pallirostris"
"insects","Libnotes ladogensis"
"insects","Limonia dilutior"
"insects","Limonia flavipes"
"insects","Limonia interjecta"
"insects","Limonia macrostigma"
"insects","Limonia maculicosta"
"insects","Limonia messaurea messaurea"
"insects","Limonia nigropunctata nigropunctata"
"insects","Limonia nubeculosa"
"insects","Limonia phragmitidis"
"insects","Limonia stigma"
"insects","Limonia sylvicola"
"insects","Limonia trivittata"
"insects","Lipsothrix ecucullata"
"insects","Lipsothrix errans"
"insects","Lipsothrix remota"
"insects","Metalimnobia bifasciata bifasciata"
"insects","Metalimnobia quadrimaculata"
"insects","Metalimnobia quadrinotata quadrinotata"
"insects","Metalimnobia zetterstedti"
"insects","Neolimonia dumetorum"
"insects","Orimarga attenuata"
"insects","Orimarga juvenilis"
"insects","Orimarga virgo"
"insects","Rhipidia maculata"
"insects","Rhipidia uniseriata uniseriata"
"insects","Sycorax feuerborni"
"insects","Sycorax silacea"
"insects","Trichomyia urbica"
"insects","Berdeniella freyi"
"insects","Ulomyia fuliginosa"
"insects","Satchelliella borealis"
"insects","Satchelliella canescens"
"insects","Satchelliella compta"
"insects","Satchelliella cubitospinosa"
"insects","Satchelliella mutua"
"insects","Satchelliella nubila"
"insects","Satchelliella palustris"
"insects","Satchelliella pilularia"
"insects","Satchelliella stammeri"
"insects","Satchelliella trivialis"
"insects","Pericoma blandula"
"insects","Pericoma formosa"
"insects","Pericoma rivularis"
"insects","Pericoma trifasciata"
"insects","Lobulosa pollex"
"insects","Tonnoiriella anderssoni"
"insects","Tonnoiriella nigricauda"
"insects","Tonnoiriella pulchra"
"insects","Clytocerus ocellaris"
"insects","Bazarella subneglecta"
"insects","Bazarella neglecta"
"insects","Tinearia alternata"
"insects","Tinearia lativentris"
"insects","Copropsychoda brevicornis"
"insects","Psychoda albipennis"
"insects","Psychoda cinerea"
"insects","Psychoda gemina"
"insects","Psychoda grisescens"
"insects","Psychoda lobata"
"insects","Psychoda minuta"
"insects","Psychoda parthenogenetica"
"insects","Psychoda phalaenoides"
"insects","Psychoda setigera"
"insects","Psychoda surcoufi"
"insects","Psychoda trinodulosa"
"insects","Paramormia fratercula"
"insects","Paramormia ustulata"
"insects","Phyllotelmatoscopus decipiens"
"insects","Panimerus albifacies"
"insects","Panimerus albomaculatus"
"insects","Panimerus maynei"
"insects","Panimerus notabilis"
"insects","Mormia eatoni"
"insects","Jungiella danica"
"insects","Jungiella consors"
"insects","Jungiella interna"
"insects","Jungiella longicornis"
"insects","Telmatoscopus ambiguus"
"insects","Telmatoscopus incanus"
"insects","Telmatoscopus labeculosus"
"insects","Telmatoscopus similis"
"insects","Peripsychoda auriculata"
"insects","Peripsychoda fusca"
"insects","Feuerborniella obscura"
"insects","Threticus lucifugus"
"insects","Trichopsychoda hirtella"
"insects","Philosepedon humeralis"
"insects","Ptychopteridae"
"insects","Dixidae"
"insects","Chaoboridae"
"insects","Culicidae"
"insects","Thaumalidae"
"insects","Simuliidae"
"insects","Culicoides albicans"
"insects","Culicoides circumscriptus"
"insects","Culicoides clintoni"
"insects","Culicoides duddingstoni"
"insects","Culicoides fascipennis"
"insects","Culicoides festivipennis"
"insects","Culicoides grisescens"
"insects","Culicoides heliophilus"
"insects","Culicoides helveticus"
"insects","Culicoides impunctatus"
"insects","Culicoides kibunensis"
"insects","Culicoides manchuriensis"
"insects","Culicoides minutissimus"
"insects","Culicoides newsteadi"
"insects","Culicoides nubeculosus"
"insects","Culicoides obsoletus"
"insects","Culicoides pallidicornis"
"insects","Culicoides pictipennis"
"insects","Culicoides pulicaris"
"insects","Culicoides punctatus"
"insects","Culicoides riethi"
"insects","Culicoides salinarius"
"insects","Culicoides segnis"
"insects","Culicoides sphagnumensis"
"insects","Culicoides stigma"
"insects","Culicoides subfasciipennis"
"insects","Culicoides truncorum"
"insects","Culicoides vexans"
"insects","Allohelea tessellata"
"insects","Alluaudomyia quadripunctata"
"insects","Alluaudomyia splendida"
"insects","Brachypogon aquilonalis"
"insects","Brachypogon borealis"
"insects","Brachypogon hyperboreus"
"insects","Brachypogon incompletus"
"insects","Brachypogon nitidulus"
"insects","Brachypogon sociabilis"
"insects","Ceratopogon crassinervis"
"insects","Ceratopogon lacteipennis"
"insects","Ceratopogon longitarsis"
"insects","Ceratopogon niveipennis"
"insects","Schizohelea leucopeza"
"insects","Serromyia atra"
"insects","Serromyia femorata"
"insects","Serromyia ledicola"
"insects","Serromyia rufitarsis"
"insects","Serromyia subinermis"
"insects","Stilobezzia gracilis"
"insects","Clinohelea unimaculata"
"insects","Mallochohelea munda"
"insects","Mallochohelea nitida"
"insects","Mallochohelea scandinaviae"
"insects","Nilobezzia posticata"
"insects","Probezzia seminigra"
"insects","Sphaeromias candidatus"
"insects","Sphaeromias fasciatus"
"insects","Sphaeromias pictus"
"insects","Bezzia affinis"
"insects","Bezzia annulipes"
"insects","Bezzia bicolor"
"insects","Bezzia coracina"
"insects","Bezzia flavicornis"
"insects","Bezzia leucogaster"
"insects","Bezzia nigritula"
"insects","Bezzia nobilis"
"insects","Bezzia ornata"
"insects","Bezzia pilipennis"
"insects","Bezzia signata"
"insects","Bezzia solstitialis"
"insects","Bezzia transfuga"
"insects","Bezzia winnertziana"
"insects","Palpomyia armipes"
"insects","Palpomyia aterrima"
"insects","Palpomyia bispinosa"
"insects","Palpomyia concoloripes"
"insects","Palpomyia distincta"
"insects","Palpomyia flavipes"
"insects","Palpomyia fulva"
"insects","Palpomyia lineata"
"insects","Palpomyia lundstroemi"
"insects","Palpomyia nigripes"
"insects","Palpomyia rufipes"
"insects","Palpomyia serripes"
"insects","Palpomyia spinipes"
"insects","Palpomyia tibialis"
"insects","Dasyhelea flavoscutellata"
"insects","Dasyhelea holosericea"
"insects","Dasyhelea modesta"
"insects","Dasyhelea notata"
"insects","Dasyhelea obscura"
"insects","Dasyhelea saxicola"
"insects","Dasyhelea sericata"
"insects","Dasyhelea scutellata"
"insects","Dasyhelea versicolor"
"insects","Atrichopogon alveolatus"
"insects","Atrichopogon brunnipes"
"insects","Atrichopogon dubius"
"insects","Atrichopogon forcipatus"
"insects","Atrichopogon fusculus"
"insects","Atrichopogon fuscus"
"insects","Atrichopogon griseolus"
"insects","Atrichopogon hexastichus"
"insects","Atrichopogon maculatus"
"insects","Atrichopogon minutus"
"insects","Atrichopogon muelleri"
"insects","Atrichopogon pavidus"
"insects","Atrichopogon rostratus"
"insects","Atrichopogon speculiger"
"insects","Forcipomyia eques"
"insects","Forcipomyia monilicornis"
"insects","Forcipomyia murina"
"insects","Chironomidae"
"insects","Chrysops caecutiens"
"insects","Chrysops divaricatus"
"insects","Chrysops nigripes"
"insects","Chrysops relictus"
"insects","Chrysops rufipes"
"insects","Chrysops sepulcralis"
"insects","Chrysops viduatus"
"insects","Atylotus fulvus"
"insects","Atylotus plebeius"
"insects","Atylotus rusticus"
"insects","Atylotus sublunaticornis"
"insects","Hybomitra arpadi"
"insects","Hybomitra astuta"
"insects","Hybomitra auripila"
"insects","Hybomitra bimaculata"
"insects","Hybomitra borealis"
"insects","Hybomitra ciureai"
"insects","Hybomitra distinguenda"
"insects","Hybomitra expollicata"
"insects","Hybomitra kaurii"
"insects","Hybomitra lundbecki"
"insects","Hybomitra lurida"
"insects","Hybomitra micans"
"insects","Hybomitra montana"
"insects","Hybomitra morgani"
"insects","Hybomitra muehlfeldi"
"insects","Hybomitra nigricornis"
"insects","Hybomitra nitidifrons"
"insects","Hybomitra sexfasciata"
"insects","Hybomitra solstitialis"
"insects","Hybomitra tardandina"
"insects","Hybomitra tropica"
"insects","Tabanus autumnalis"
"insects","Tabanus bovinus"
"insects","Tabanus bromius"
"insects","Tabanus cordiger"
"insects","Tabanus glaucopis"
"insects","Tabanus maculicornis"
"insects","Tabanus miki"
"insects","Tabanus sudeticus"
"insects","Heptatoma pellucens"
"insects","Haematopota bigoti"
"insects","Haematopota crassicornis"
"insects","Haematopota grandis"
"insects","Haematopota italica"
"insects","Haematopota pluvialis"
"insects","Haematopota subcylindrica"
"insects","Athericidae"
"insects","Chrysopilus auratus"
"insects","Chrysopilus erythrophthalmus"
"insects","Beris clavipes"
"insects","Beris vallata"
"insects","Odontomyia angulata"
"insects","Odontomyia argentata"
"insects","Odontomyia hydroleon"
"insects","Odontomyia microleon"
"insects","Odontomyia ornata"
"insects","Odontomyia tigrina"
"insects","Oplodontha viridula"
"insects","Stratiomys chamaeleon"
"insects","Stratiomys longicornis"
"insects","Stratiomys potamida"
"insects","Stratiomys singularior"
"insects","Nemotelus nigrinus"
"insects","Nemotelus notatus"
"insects","Nemotelus pantherinus"
"insects","Nemotelus uliginosus"
"insects","Oxycera centralis"
"insects","Oxycera dives"
"insects","Oxycera fallenii"
"insects","Oxycera meigenii"
"insects","Oxycera nigricornis"
"insects","Oxycera paradalina"
"insects","Oxycera pygmaea"
"insects","Oxycera trilineata"
"insects","Phyllodromia melanocephala"
"insects","Chelipoda albiseta"
"insects","Chelipoda inexspectata"
"insects","Chelipoda vocatoria"
"insects","Chelifera angusta"
"insects","Chelifera concinnicauda"
"insects","Chelifera flavella"
"insects","Chelifera frigelii"
"insects","Chelifera monostigma"
"insects","Chelifera precabunda"
"insects","Chelifera precatoria"
"insects","Chelifera stigmatica"
"insects","Chelifera subangusta"
"insects","Chelifera trapezina"
"insects","Hemerodromia adulatoria"
"insects","Hemerodromia baetica"
"insects","Hemerodromia oratoria"
"insects","Hemerodromia raptoria"
"insects","Hemerodromia unilineata"
"insects","Heleodromia immaculata"
"insects","Dryodromia testacea"
"insects","Trichopeza albocincta"
"insects","Trichopeza longicornis"
"insects","Dolichocephala guttata"
"insects","Dolichocephala ocellata"
"insects","Dolichocephala thomasi"
"insects","Trichoclinocera lapponica"
"insects","Clinocera appendiculata"
"insects","Clinocera nigra"
"insects","Clinocera fontinalis"
"insects","Clinocera nivalis"
"insects","Clinocera stagnalis"
"insects","Clinocera wesmaeli"
"insects","Clinocera bipunctata"
"insects","Clinocera tenella"
"insects","Wiedemannia bistigma"
"insects","Wiedemannia insularis"
"insects","Wiedemannia bohemani"
"insects","Wiedemannia fallaciosa"
"insects","Wiedemannia impudica"
"insects","Wiedemannia zetterstedti"
"insects","Aphrosylus ferox"
"insects","Liancalus virens"
"insects","Hydrophorus albiceps"
"insects","Hydrophorus alpinus"
"insects","Hydrophorus altivagus"
"insects","Hydrophorus balticus"
"insects","Hydrophorus bipunctatus"
"insects","Hydrophorus borealis"
"insects","Hydrophorus brunnicosus"
"insects","Hydrophorus freyi"
"insects","Hydrophorus geminus"
"insects","Hydrophorus litoreus"
"insects","Hydrophorus nebulosus"
"insects","Hydrophorus norvegicus"
"insects","Hydrophorus oceanus"
"insects","Hydrophorus pectinatus"
"insects","Hydrophorus pilipes"
"insects","Hydrophorus praecox"
"insects","Hydrophorus rufibarbis"
"insects","Hydrophorus signiferus"
"insects","Hydrophorus viridis"
"insects","Campsicnemus alpinus"
"insects","Campsicnemus armatus"
"insects","Campsicnemus compeditus"
"insects","Campsicnemus curvipes"
"insects","Campsicnemus dasycnemus"
"insects","Campsicnemus femoratus"
"insects","Campsicnemus loripes"
"insects","Campsicnemus lumbatus"
"insects","Campsicnemus marginatus"
"insects","Campsicnemus paradoxus"
"insects","Campsicnemus picticornis"
"insects","Campsicnemus pumilio"
"insects","Campsicnemus pusillus"
"insects","Campsicnemus scambus"
"insects","Telmaturgus tumidulus"
"insects","Teuchophorus monocanthus"
"insects","Teuchophorus signatus"
"insects","Teuchophorus spinigerellus"
"insects","Chrysogaster cemiteriorum"
"insects","Chrysogaster solstitialis"
"insects","Chrysogaster virescens"
"insects","Lejogaster metallina"
"insects","Lejogaster tarsata"
"insects","Melanogaster aerosa"
"insects","Melanogaster hirtella"
"insects","Melanogaster inornata"
"insects","Melanogaster nuda"
"insects","Myolepta luteola"
"insects","Orthonevra brevicornis"
"insects","Orthonevra elegans"
"insects","Orthonevra erythrogona"
"insects","Orthonevra geniculata"
"insects","Orthonevra intermedia"
"insects","Orthonevra nobilis"
"insects","Orthonevra stackelbergi"
"insects","Anasimyia contracta"
"insects","Anasimyia interpuncta"
"insects","Anasimyia lineata"
"insects","Anasimyia lunulata"
"insects","Anasimyia transfuga"
"insects","Eristalinus aeneus"
"insects","Eristalinus sepulcralis"
"insects","Eristalis abusiva"
"insects","Eristalis alpina"
"insects","Eristalis anthophorina"
"insects","Eristalis arbustorum"
"insects","Eristalis cryptarum"
"insects","Eristalis fratercula"
"insects","Eristalis horticola"
"insects","Eristalis interrupta"
"insects","Eristalis intricaria"
"insects","Eristalis oestracea"
"insects","Eristalis pertinax"
"insects","Eristalis picea"
"insects","Eristalis pratorum"
"insects","Eristalis rupium"
"insects","Eristalis tenax"
"insects","Eristalis tundrarum"
"insects","Eristalis vallei"
"insects","Eristalis vitripennis"
"insects","Helophilus affinis"
"insects","Helophilus borealis"
"insects","Helophilus bottnicus"
"insects","Helophilus groenlandicus"
"insects","Helophilus hybridus"
"insects","Helophilus lapponicus"
"insects","Helophilus pendulus"
"insects","Helophilus trivittatus"
"insects","Lejops vittatus"
"insects","Mallota cimbiciformis"
"insects","Mallota megilliformis"
"insects","Myathropa florea"
"insects","Parhelophilus consimilis"
"insects","Parhelophilus frutetorum"
"insects","Parhelophilus versicolor"
"insects","Sericomyia arctica"
"insects","Sericomyia lappona"
"insects","Sericomyia nigra"
"insects","Sericomyia silentis"
"insects","Sericomyia undulans"
"insects","Colobaea bifasciella"
"insects","Colobaea distincta"
"insects","Colobaea nigroaristata"
"insects","Colobaea pectoralis"
"insects","Colobaea punctata"
"insects","Ditaeniella grisescens"
"insects","Pherbellia albocostata"
"insects","Pherbellia alpina"
"insects","Pherbellia annulipes"
"insects","Pherbellia argyra"
"insects","Pherbellia brunnipes"
"insects","Pherbellia cinerella"
"insects","Pherbellia dorsata"
"insects","Pherbellia dubia"
"insects","Pherbellia griseicollis"
"insects","Pherbellia griseola"
"insects","Pherbellia hackmani"
"insects","Pherbellia nana"
"insects","Pherbellia obscura"
"insects","Pherbellia obtusa"
"insects","Pherbellia pallidiventris"
"insects","Pherbellia rozkosnyi"
"insects","Pherbellia schoenherri"
"insects","Pherbellia scutellaris"
"insects","Pherbellia sordida"
"insects","Pherbellia stackelbergi"
"insects","Pherbellia stylifera"
"insects","Pherbellia ventralis"
"insects","Pteromicra angustipennis"
"insects","Pteromicra glabricula"
"insects","Pteromicra leucopeza"
"insects","Pteromicra oldenbergi"
"insects","Pteromicra pectorosa"
"insects","Sciomyza dryomyzina"
"insects","Sciomyza simplex"
"insects","Sciomyza testacea"
"insects","Tetanura pallidiventris"
"insects","Antichaeta analis"
"insects","Antichaeta atriseta"
"insects","Antichaeta brevipennis"
"insects","Antichaeta nigra"
"insects","Antichaeta obliviosa"
"insects","Coremacera marginata"
"insects","Dichetophora finlandica"
"insects","Dictya umbrarum"
"insects","Ectinocera borealis"
"insects","Elgiva cucularia"
"insects","Elgiva divisa"
"insects","Elgiva solicita"
"insects","Euthycera chaerophylli"
"insects","Euthycera fumigata"
"insects","Hydromya dorsalis"
"insects","Ilione albiseta"
"insects","Ilione lineata"
"insects","Ilione rossica"
"insects","Limnia paludicola"
"insects","Limnia unguicornis"
"insects","Pherbina coryleti"
"insects","Pherbina intermedia"
"insects","Psacadina verbekei"
"insects","Psacadina zernyi"
"insects","Renocera pallida"
"insects","Renocera striata"
"insects","Renocera stroblii"
"insects","Sepedon sphegea"
"insects","Sepedon spinipes"
"insects","Tetanocera arrogans"
"insects","Tetanocera elata"
"insects","Tetanocera ferruginea"
"insects","Tetanocera freyi"
"insects","Tetanocera fuscinervis"
"insects","Tetanocera hyalipennis"
"insects","Tetanocera lapponica"
"insects","Tetanocera latifibula"
"insects","Tetanocera montana"
"insects","Tetanocera ornatifrons"
"insects","Tetanocera phyllophora"
"insects","Tetanocera punctifrons"
"insects","Tetanocera robusta"
"insects","Tetanocera silvatica"
"insects","Trypetoptera punctulata"
"insects","Discomyza incurva"
"insects","Psilopa bornholmi"
"insects","Psilopa compta"
"insects","Psilopa girschneri"
"insects","Psilopa leucostoma"
"insects","Psilopa marginella"
"insects","Psilopa nigritella"
"insects","Psilopa nitidifacies"
"insects","Psilopa nitidula"
"insects","Psilopa polita"
"insects","Psilopa pulicaria"
"insects","Trimerina madizans"
"insects","Atissa limosina"
"insects","Atissa pygmaea"
"insects","Notiphila annulipes"
"insects","Notiphila aquatica"
"insects","Notiphila brunipes"
"insects","Notiphila cinerea"
"insects","Notiphila dorsata"
"insects","Notiphila guttiventris"
"insects","Notiphila maculata"
"insects","Notiphila major"
"insects","Notiphila nigricornis"
"insects","Notiphila riparia"
"insects","Notiphila uliginosa"
"insects","Notiphila venusta"
"insects","Dichaeta caudata"
"insects","Hydrellia albifrons"
"insects","Hydrellia albilabris"
"insects","Hydrellia argyrogensis"
"insects","Hydrellia caesia"
"insects","Hydrellia cardamines"
"insects","Hydrellia concolor"
"insects","Hydrellia fascitibia"
"insects","Hydrellia flaviceps"
"insects","Hydrellia flavicornis"
"insects","Hydrellia fulviceps"
"insects","Hydrellia fusca"
"insects","Hydrellia geniculata"
"insects","Hydrellia griseola"
"insects","Hydrellia lapponica"
"insects","Hydrellia maura"
"insects","Hydrellia meigeni"
"insects","Hydrellia mutata"
"insects","Hydrellia nigricans"
"insects","Hydrellia nympheae"
"insects","Hydrellia obscura"
"insects","Hydrellia pilitarsis"
"insects","Hydrellia popinqua"
"insects","Hydrellia stratiotella"
"insects","Hydrellia subalbiceps"
"insects","Hydrellia svecica"
"insects","Hydrellia thoracica"
"insects","Hydrellia tibialis"
"insects","Athyroglossa glabra"
"insects","Mosillus subsultans"
"insects","Allotrichoma laterale"
"insects","Allotrichoma bezzii"
"insects","Hecamede albicans"
"insects","Glenanthe ripicola"
"insects","Ochthera manicata"
"insects","Ochthera mantis"
"insects","Ochthera palearctica"
"insects","Discocerina obscurella"
"insects","Ditrichophora calceata"
"insects","Ditrichophora fuscella"
"insects","Ditrichophora glabricula"
"insects","Ditrichophora lambi"
"insects","Ditrichophora nigrithorax"
"insects","Ditrichophora psilopina"
"insects","Ditrichophora sia"
"insects","Gymnoclasiopa aurifacies"
"insects","Gymnoclasiopa aurivilli"
"insects","Gymnoclasiopa bohemanni"
"insects","Gymnoclasiopa cinerella"
"insects","Gymnoclasiopa nigerrima"
"insects","Gymnoclasiopa plumosa"
"insects","Gymnoclasiopa pulchella"
"insects","Polytrichophora duplosetosa"
"insects","Hecamedoides glaucellus"
"insects","Ilythea spilota"
"insects","Philygria albidipennis"
"insects","Philygria flavipes"
"insects","Philygria interstincta"
"insects","Philygria maculipennis"
"insects","Philygria nigricauda"
"insects","Philygria obtecta"
"insects","Philygria posticata"
"insects","Philygria punctatonervosa"
"insects","Philygria stictica"
"insects","Philygria vittipennis"
"insects","Nostima picta"
"insects","Axysta cesta"
"insects","Hyadina guttata"
"insects","Hyadina humeralis"
"insects","Hyadina nigricornis"
"insects","Hyadina nitida"
"insects","Hyadina scutellata"
"insects","Hyadina vockerothi"
"insects","Lytogaster abdominalis"
"insects","Pelina aenea"
"insects","Pelina aenescens"
"insects","Pelina norvegica"
"insects","Eutaenionotum guttipennis"
"insects","Parydra aquila"
"insects","Parydra coarctata"
"insects","Parydra cognata"
"insects","Parydra fossarum"
"insects","Parydra littoralis"
"insects","Parydra mitis"
"insects","Parydra nigritarsis"
"insects","Parydra nubecula"
"insects","Parydra quadripunctata"
"insects","Parydra undulata"
"insects","Parydra pusilla"
"insects","Ephydra macellaria alandica"
"insects","Ephydra riparia"
"insects","Ephydra scholtzi"
"insects","Setacera aurata"
"insects","Setacera breviventris"
"insects","Setacera micans"
"insects","Paracoenia fumosa"
"insects","Calocoenia paurosoma"
"insects","Coenia borealis"
"insects","Coenia curvicauda"
"insects","Coenis palustris"
"insects","Limnellia fallax"
"insects","Limnllia quadrata"
"insects","Limnellia stenhammari"
"insects","Limnellia surturi"
"insects","Scatophila caviceps"
"insects","Scatophila contaminata"
"insects","Scatophila cribrata"
"insects","Scatophila despecta"
"insects","Scatophila mesogramma"
"insects","Scatophila iowana"
"insects","Scatophila noctula"
"insects","Scatophila planiceps"
"insects","Scatophila quadriguttata"
"insects","Scatophila signata"
"insects","Scatophila unicornis"
"insects","Lamproscatella brunneifrons"
"insects","Lamproscatella sibilans"
"insects","Haloscatella dichaeta"
"insects","Thinoscatella quadrisetosa"
"insects","Philotelma nigripenne"
"insects","Scatella crassicosta"
"insects","Scatella lutosa"
"insects","Scatella obsoleta"
"insects","Scatella paludum"
"insects","Scatella stagnalis"
"insects","Scatella silacea"
"insects","Scatella subguttata"
"insects","Scatella tenuicosta"
"insects","Teichomyza fusca"
"insects","Hydromyza livens"
"insects","Acanthocnema glaucescens"
"insects","Acanthocnema nigrimana"
"insects","Spaziphora hydromyzina"
"insects","Scatophaga obscura"
"insects","Phaonia exoleta"
"insects","Graphomya maculata"
"insects","Spilogona aerea"
"insects","Spilogona baltica"
"insects","Spilogona biseriata"
"insects","Spilogona contractifrons"
"insects","Spilogona falleni"
"insects","Spilogona leucogaster"
"insects","Spilogona marina"
"insects","Spilogona pacifica"
"insects","Spilogona setigera"
"insects","Spilogona surda"
"insects","Spilogona varsaviensis"
"insects","Spilogona veterrima"
"insects","Villeneuvia aestuum"
"insects","Limnophora exuta"
"insects","Limnophora pandellei"
"insects","Limnophora pollinifrons"
"insects","Limnophora riparia"
"insects","Limnophora scrupulosa"
"insects","Lispe caesia"
"insects","Lispe consanguinea"
"insects","Lispe hydromyzina"
"insects","Lispe litorea"
"insects","Lispe loewi"
"insects","Lispe nana"
"insects","Lispe melaleuca"
"insects","Lispe pygmaea"
"insects","Lispe tentaculata"
"insects","Lispe uliginosa"
"insects","Pseudocoenosia abnormis"
"insects","Pseudocoenosia solitaria"
"insects","Lispocephala alma"
"insects","Lispocephala erythrocera"
"insects","Lispocephala falculata"
"insects","Lispocephala fuscitibia"
"insects","Lispocephala pallipalpis"
"insects","Lispocephala rubricornis"
"insects","Lispocephala spuria"
"insects","Lispocephala spuria"
"insects","Lispocephala verna"
"insects","Schoenomyza litorella"
"insects","Ephemeroptera"
"insects","Mesovelia furcata"
"insects","Hebrus pusillus"
"insects","Hebrus ruficeps"
"insects","Hydrometra gracilenta"
"insects","Hydrometra stagnorum"
"insects","Microvelia reticulata"
"insects","Velia caprai"
"insects","Velia saulii"
"insects","Aquarius najas"
"insects","Aquarius paludum"
"insects","Gerris argentatus"
"insects","Gerris lacustris"
"insects","Gerris lateralis"
"insects","Gerris odontogaster"
"insects","Gerris thoracicus"
"insects","Limnoporus rufoscutellatus"
"insects","Nepa cinerea"
"insects","Ranatra linearis"
"insects","Micronecta minutissima"
"insects","Micronecta poweri"
"insects","Cymatia bonsdorffii"
"insects","Cymatia coleoptrata"
"insects","Glaenocorisa cavifrons"
"insects","Glaenocorisa propinqua"
"insects","Arctocorisa carinata"
"insects","Arctocorisa germari"
"insects","Callicorixa praeusta"
"insects","Callicorixa producta"
"insects","Callicorixa wollastoni"
"insects","Corixa dentipes"
"insects","Corixa panzeri"
"insects","Corixa punctata"
"insects","Hesperocorixa castanea"
"insects","Hesperocorixa linnaei"
"insects","Hesperocorixa sahlbergi"
"insects","Paracorixa concinna"
"insects","Sigara distincta"
"insects","Sigara dorsalis"
"insects","Sigara falleni"
"insects","Sigara fallenoidea"
"insects","Sigara fossarum"
"insects","Sigara hellensii"
"insects","Sigara lateralis"
"insects","Sigara limitata"
"insects","Sigara longipalis"
"insects","Sigara nigrolineata"
"insects","Sigara scotti"
"insects","Sigara semistriata"
"insects","Sigara striata"
"insects","Aphelocheirus aestivalis"
"insects","Notonecta glauca"
"insects","Notonecta lutea"
"insects","Notonecta reuteri"
"insects","Acentria ephemerella"
"insects","Cataclysta lemnata"
"insects","Elophila nymphaeata"
"insects","Paraponyx stratiotata"
"insects","Nymphula nitidulata"
"insects","Megaloptera"
"insects","Sisyridae"
"insects","Odonata"
"insects","Plecoptera"
"insects","Trichoptera"
"birds","Actitis hypoleucos"
"birds","Anas acuta"
"birds","Anas crecca"
"birds","Anas penelope"
"birds","Anas platyrhynchos"
"birds","Anser albifrons"
"birds","Anser anser"
"birds","Anser brachyrhynchus"
"birds","Anser fabalis"
"birds","Ardea cinerea"
"birds","Arenaria interpres"
"birds","Aythya fuligula"
"birds","Aythya marila"
"birds","Branta canadensis"
"birds","Branta leucopsis"
"birds","Bucephala clangula"
"birds","Calidris alpina"
"birds","Calidris falcinellus"
"birds","Calidris maritima"
"birds","Calidris minuta"
"birds","Calidris pugnax"
"birds","Calidris temminckii"
"birds","Charadrius dubius"
"birds","Charadrius hiaticula"
"birds","Chroicocephalus ridibundus"
"birds","Cinclus cinclus"
"birds","Clangula hyemalis"
"birds","Cygnus cygnus"
"birds","Cygnus olor"
"birds","Fulica atra"
"birds","Gallinago gallinago"
"birds","Gallinago media"
"birds","Gavia arctica"
"birds","Gavia immer"
"birds","Gavia stellata"
"birds","Limosa lapponica"
"birds","Limosa limosa"
"birds","Lymnocryptes minimus"
"birds","Melanitta fusca"
"birds","Melanitta nigra"
"birds","Mergellus albellus"
"birds","Mergus merganser"
"birds","Mergus serrator"
"birds","Motacilla cinerea"
"birds","Numenius arquata"
"birds","Numenius phaeopus"
"birds","Pandion haliaetus"
"birds","Phalaropus lobatus"
"birds","Podiceps auritus"
"birds","Podiceps cristatus"
"birds","Porzana porzana"
"birds","Tadorna tadorna"
"birds","Tringa erythropus"
"birds","Tringa glareola"
"birds","Tringa nebularia"
"birds","Tringa ochropus"
"birds","Tringa totanus"
"birds","Vanellus vanellus"
"birds","Phalacrocorax carbo"
"birds","Phalacrocorax carbo sinensis"
"birds","Larus canus"
